query;intent;source;freq;cpc;ppc;seo;top;advertisers;ads;comment
uml;информационный;Вордстат, Беларусь, все устройства, 29.08.2026-27.09.2026 (снято 30.09.2026);652;0.30;0.15;45;10;2;2;"CPC 0,30 USD: оценка по аналогичным IT-запросам в СНГ (ниже мирового ~$0,80 из-за малого объёма рынка); PPC 0,15: низкая конкурентность в Беларуси; SEO 45: средняя сложность (информационный запрос с учебным контентом); top=10: 10 результатов в выдаче; ads=2: оценка по Google Ads Transparency для ниши"
bpmn;информационный;Вордстат, Беларусь, все устройства, 29.08.2026-27.09.2026 (снято 30.09.2026);473;0.45;0.20;38;10;1;1;"CPC 0,45 USD: оценка для нишевого B2B-запроса в СНГ; PPC 0,20; SEO 38: умеренная сложность; top=10; ads=1: единичная реклама в нише"
plantuml;брендовый;Вордстат, Беларусь, все устройства, 29.08.2026-27.09.2026 (снято 30.09.2026);200;1.24;0.10;25;10;0;0;"CPC 1,24 USD: Similarweb через ЛР2-3, табл. 26 (весь мир, desktop, 30.09.2026); PPC 0,10: минимальная конкуренция по брендовому запросу; SEO 25: низкая сложность (брендовый); top=10; ads=0: рекламы на брендовый запрос OSS-инструмента нет"
idef0;информационный;Вордстат, Беларусь, все устройства, 29.08.2026-27.09.2026 (снято 30.09.2026);101;0.25;0.05;20;10;0;0;"CPC 0,25 USD: оценка для узкоспециального инженерного запроса; PPC 0,05: практически нет рекламодателей; SEO 20: низкая сложность; top=10; ads=0: реклама отсутствует"
dfd диаграмма;информационный;Вордстат, Беларусь, все устройства, 29.08.2026-27.09.2026 (снято 30.09.2026);28;0.35;0.12;30;10;1;1;"CPC 0,35 USD: оценка; PPC 0,12; SEO 30: умеренная; top=10; ads=1"
erd диаграмма;информационный;Вордстат, Беларусь, все устройства, 29.08.2026-27.09.2026 (снято 30.09.2026);25;0.35;0.12;35;10;1;1;"CPC 0,35 USD: оценка; PPC 0,12; SEO 35; top=10; ads=1"
сеть петри;информационный;Вордстат, Беларусь, все устройства, 29.08.2026-27.09.2026 (снято 30.09.2026);16;0.20;0.05;15;10;0;0;"CPC 0,20 USD: оценка для очень узкого академического запроса; PPC 0,05; SEO 15: низкая сложность; top=10; ads=0"
конструктор диаграмм онлайн;инструментальный;Вордстат, Беларусь, все устройства, 29.08.2026-27.09.2026 (снято 30.09.2026);6;1.20;0.35;42;10;3;3;"CPC 1,20 USD: коммерческий инструментальный запрос, высокое намерение к покупке; PPC 0,35: умеренная конкуренция; SEO 42; top=10; ads=3: Lucidchart, Miro, Creately"
нейросеть схема;инструментальный;Вордстат, Беларусь, все устройства, 29.08.2026-27.09.2026 (снято 30.09.2026);81;0.30;0.15;28;10;1;1;"CPC 0,30 USD: оценка (AI-запрос, рынок в росте); PPC 0,15; SEO 28; top=10; ads=1"
нейросеть диаграмма;инструментальный;Вордстат, Беларусь, все устройства, 29.08.2026-27.09.2026 (снято 30.09.2026);28;0.30;0.15;28;10;1;1;"CPC 0,30 USD: оценка; PPC 0,15; SEO 28; top=10; ads=1"
