site;g2;g2_n;capterra;capterra_n;trustpilot;trustpilot_n;google_rating;google_n;cases;age;comment
plantuml.com;;;;;;;;;0;15.8;"возраст: домен по RDAP; G2: профиль не найден; Trustpilot: профиль не найден; кейсы: OSS-проект, публичных историй нет; Capterra: переход отклонён"
mermaid.js.org;;;;;;;;;0;11.9;"возраст: дата создания репозитория mermaid-js/mermaid (GitHub); G2: профиль не найден; Trustpilot: профиль не найден; кейсы: OSS-библиотека, историй нет; Capterra: переход отклонён"
mermaidchart.com;4.8;16;;;3.5;3;;;2;4.3;"возраст: домен по RDAP; G2: 4,8 / 16 отзывов 03.10.2026; Trustpilot: 3,5 / 3 отзыва; кейсы: 2 истории на сайте 03.10.2026; Capterra: переход отклонён"
d2lang.com;;;;;;;;;1;3.9;"возраст: домен по RDAP; G2: профиль не найден; Trustpilot: профиль не найден; кейсы: 1 история в документации; Capterra: переход отклонён"
kroki.io;;;;;;;;;0;7.7;"возраст: домен по RDAP; G2: профиль не найден; Trustpilot: профиль не найден; кейсы: нет публичных историй; Capterra: переход отклонён"
planttext.com;;;;;;;;;0;12.8;"возраст: домен по RDAP; G2: профиль не найден; Trustpilot: профиль не найден; кейсы: нет; Capterra: переход отклонён"
staruml.io;;;;;;;;;3;13.2;"возраст: домен по RDAP; G2: профиль не найден; Trustpilot: профиль не найден; кейсы: 3 истории в документации MKLab; Capterra: переход отклонён"
visual-paradigm.com;;;;;3.5;2;;;5;25.3;"возраст: домен по RDAP; Trustpilot: 3,5 / 2 отзыва; кейсы: 5 историй на visual-paradigm.com/customers/ 03.10.2026; G2: профиль не найден; Capterra: переход отклонён"
sparxsystems.com;;;;;;0;;;3;24.2;"возраст: домен по RDAP; Trustpilot: 0 отзывов (профиль без отзывов); кейсы: 3 истории на sparxsystems.com/case-studies/ 03.10.2026; G2: профиль не найден; Capterra: переход отклонён"
bpmn.io;;;;;;;;;2;12.7;"возраст: домен по RDAP; G2: профиль не найден; Trustpilot: профиль не найден; кейсы: 2 истории внедрения в Camunda/bpmn.io документации; Capterra: переход отклонён"
stormbpmn.com;;;;;;;;;3;4.5;"возраст: домен по RDAP; G2: профиль не найден; Trustpilot: профиль не найден; кейсы: 3 истории на stormbpmn.com 03.10.2026; Capterra: переход отклонён"
app.diagrams.net;4.4;450;;;3.8;2;;;0;16.5;"возраст: домен по RDAP; G2: 4,4 / 450 отзывов (draw.io) 03.10.2026; Trustpilot: 3,8 / 2 отзыва; кейсы: публичных историй нет; Capterra: переход отклонён"
lucidchart.com;4.5;8988;;;1.5;116;;;15;18.0;"возраст: домен по RDAP; G2: 4,5 / 8988 отзывов 03.10.2026; Trustpilot: 1,5 / 116 отзывов; кейсы: 15 историй на lucid.app/customers/ 03.10.2026; Capterra: переход отклонён"
creately.com;4.4;1394;;;1.9;58;;;8;18.2;"возраст: домен по RDAP; G2: 4,4 / 1394 отзыва 03.10.2026; Trustpilot: 1,9 / 58 отзывов; кейсы: 8 историй на creately.com/customers/ 03.10.2026; Capterra: переход отклонён"
miro.com;4.6;13583;;;2.1;155;;;25;31.1;"возраст: домен по RDAP; G2: 4,6 / 13583 отзыва 03.10.2026; Trustpilot: 2,1 / 155 отзывов; кейсы: 25+ историй на miro.com/customers/ 03.10.2026; Capterra: переход отклонён"
excalidraw.com;;;;;;;;;0;6.7;"возраст: домен по RDAP; G2: профиль не найден; Trustpilot: профиль не найден; кейсы: нет (OSS); Capterra: переход отклонён"
dbdiagram.io;;;;;;;;;2;8.1;"возраст: домен по RDAP; G2: профиль не найден; Trustpilot: профиль не найден; кейсы: 2 истории на holistics.io 03.10.2026; Capterra: переход отклонён"
drawsql.app;;;;;;;;;1;8.4;"возраст: домен по RDAP; G2: профиль не найден; Trustpilot: профиль не найден; кейсы: 1 история 03.10.2026; Capterra: переход отклонён"
eraser.io;;;;;;;;;3;12.0;"возраст: домен по RDAP; G2: профиль не найден; Trustpilot: профиль не найден; кейсы: 3 истории на eraser.io 03.10.2026; Capterra: переход отклонён"
