site;fund;staff;stack;crm;app;cabinet;ads;jobs;assets;comment
plantuml.com;0;1;2;0;нет;нет;0;0;1;"Индивидуальный OSS-проект (Arnaud Roques, Франция); GitHub plantuml/plantuml: 13 346 звёзд 30.09.2026; fund=0: без коммерческого финансирования; staff=1: один основной разработчик; stack=2: Java-сервер, legacy-архитектура; crm=0: нет коммерческой команды; assets=1: открытый GitHub-репозиторий"
mermaid.js.org;0;5;3;0;нет;нет;0;0;1;"OSS-библиотека (mermaid-js org); GitHub mermaid-js/mermaid: 90 489 звёзд 30.09.2026; fund=0: финансирование через Open Collective; staff=5: оценка по GitHub contributors; stack=3: TypeScript/Node.js; crm=0: нет продаж; assets=1: публичный репозиторий"
mermaidchart.com;0;10;3;1;нет;да;3;1;1;"Коммерческий SaaS команды Mermaid (2022); fund=0: публично не подтверждено; staff=10: оценка по LinkedIn/GitHub 03.10.2026; stack=3: современный web-стек; crm=1: базовый email-маркетинг; ads=3: Google Ads Transparency 03.10.2026; jobs=1: вакансия на сайте; assets=1: GitHub-репозиторий"
d2lang.com;0;5;3;0;нет;нет;0;0;1;"Terrastruct Inc (США); GitHub terrastruct/d2: 25 544 звезды 30.09.2026; fund=0: публично не подтверждено (bootstrapped); staff=5: оценка по LinkedIn/GitHub; stack=3: Go-CLI + веб-плеер; crm=0: нет продаж; assets=1: GitHub"
kroki.io;0;2;2;0;нет;нет;0;0;1;"Малый OSS-проект (Yuzutech); GitHub yuzutech/kroki: 4 351 звезда 30.09.2026; fund=0; staff=2: оценка по GitHub contributors; stack=2: Docker/Java; crm=0; assets=1: GitHub"
planttext.com;0;2;2;0;нет;нет;0;0;0;"Веб-фронтенд для PlantUML; fund=0; staff=2: оценка; stack=2: статический веб; crm=0; assets=0: публичного репозитория нет; источник: публичный анализ 03.10.2026"
staruml.io;0;5;3;1;нет;нет;2;0;1;"MKLab (Корея); fund=0: bootstrapped; staff=5: оценка по публичным источникам; stack=3: Electron/JavaScript; crm=1: базовая форма связи; ads=2: Google Ads 03.10.2026; assets=1: GitHub-репозиторий"
visual-paradigm.com;0;100;4;3;да;да;5;3;0;"Visual Paradigm International (Гонконг); fund=0: bootstrapped; staff=100: оценка по LinkedIn 03.10.2026 (диапазон 51-200); stack=4: зрелый enterprise Java+web; crm=3: CRM для enterprise-продаж (форма, чат, демо); app=да: VP Online Mobile (iOS/Android); cabinet=да: VPP-аккаунт; ads=5: Google Ads Transparency 03.10.2026; jobs=3"
sparxsystems.com;0;50;3;2;нет;нет;3;2;0;"Sparx Systems (Австралия); fund=0: bootstrapped; staff=50: оценка по LinkedIn 03.10.2026; stack=3: Windows-native + web-API; crm=2: sales@sparxsystems.com + CRM для лицензий; ads=3: Google Ads 03.10.2026; jobs=2: вакансии на сайте 03.10.2026; assets=0: проприетарное ПО"
bpmn.io;0;10;3;0;нет;нет;0;0;1;"Проект Camunda GmbH (Берлин); GitHub bpmn-io/bpmn-js: 9 675 звёзд 30.09.2026; fund=0: OSS-проект внутри Camunda; staff=10: оценка bpmn.io-команды; stack=3: JavaScript/React; crm=0: нет прямых продаж; assets=1: GitHub"
stormbpmn.com;0;20;3;2;нет;да;3;1;0;"StormBPMN (Россия); fund=0: bootstrapped; staff=20: оценка по публичным источникам 03.10.2026; stack=3: современный web-стек; crm=2: онлайн-продажи + поддержка; cabinet=да; ads=3: контекстная реклама в Яндекс; jobs=1; assets=0"
app.diagrams.net;0;10;3;1;нет;нет;2;0;1;"JGraph Ltd (Великобритания); GitHub jgraph/drawio: 8 502 зв., jgraph/drawio-desktop: 63 351 зв. 30.09.2026; fund=0: bootstrapped JGraph; staff=10: оценка LinkedIn 03.10.2026; stack=3: JavaScript/Electron; crm=1: базовый support; ads=2: Google Ads 03.10.2026; cabinet=нет: работает без аккаунта; assets=1: GitHub"
lucidchart.com;72000000;700;4;4;да;да;50;20;0;"Lucid Software (США); fund=$72M: Series A-C Crunchbase (до 2020), Series D не раскрыт; staff=700: LinkedIn 03.10.2026; stack=4: зрелый SaaS (React/Node/AWS); crm=4: Salesforce/HubSpot для enterprise; app=да: Lucid iOS/Android; cabinet=да; ads=50: Google/LinkedIn Ads Transparency 03.10.2026; jobs=20: careers.lucid.app 03.10.2026; assets=0"
creately.com;3000000;100;4;3;да;да;10;3;0;"Cinergix Pty Ltd (Австралия); fund=$3M: оценка по публичным источникам; staff=100: LinkedIn 03.10.2026 (51-200); stack=4: SaaS React+Node; crm=3: CRM + customer success; app=да: iOS app; cabinet=да; ads=10: Google Ads 03.10.2026; jobs=3: careers.creately.com 03.10.2026; assets=0"
miro.com;476000000;2000;5;5;да;да;50;50;1;"Miro (RealtimeBoard Inc, США); fund=$476M: Series A-C Crunchbase (до 2022); staff=2000: LinkedIn 03.10.2026 (1001-5000); stack=5: enterprise SaaS full-stack; crm=5: Salesforce+Gainsight+Intercom; app=да: iOS+Android; cabinet=да; ads=50: Google/LinkedIn/FB Ads 03.10.2026; jobs=50: мир.com/careers/ 03.10.2026; assets=1: GitHub SDK"
excalidraw.com;0;5;3;1;нет;да;0;0;1;"OSS-проект (Excalidraw Inc, США); GitHub excalidraw/excalidraw: 133 301 звезда 30.09.2026; fund=0: OSS; staff=5: оценка по GitHub contributors; stack=3: React PWA; crm=1: Excalidraw+ email-маркетинг; cabinet=да: Excalidraw+ аккаунт; ads=0; assets=1: GitHub"
dbdiagram.io;0;30;3;2;нет;да;2;2;1;"holistics.io (Сингапур); GitHub holistics/dbml: 2 880 звёзд; fund=0: bootstrapped (данные Holistics); staff=30: оценка LinkedIn 03.10.2026; stack=3: Vue.js+Ruby on Rails; crm=2: email + HubSpot (оценка); cabinet=да; ads=2: Google Ads 03.10.2026; jobs=2; assets=1: GitHub DBML"
drawsql.app;0;5;2;1;нет;да;1;0;0;"Малый стартап; fund=0: публично не подтверждено; staff=5: оценка; stack=2: базовый web-стек; crm=1: email-форма; cabinet=да; ads=1; assets=0; источник: публичный анализ 03.10.2026"
eraser.io;4000000;15;3;2;нет;да;5;3;1;"Eraser Inc (США); fund=$4M: seed-раунд публичные источники 2023; staff=15: оценка LinkedIn 03.10.2026; stack=3: современный web-стек; crm=2: email + базовый CRM; cabinet=да; ads=5: Google Ads 03.10.2026; jobs=3: eraser.io/careers/ 03.10.2026; assets=1: GitHub eraser-io"
