SHEET	04_	N4
=IF(COUNTA(D4:M4)=0,"",(D4*'03_Критерии'!$E$4+E4*'03_Критерии'!$E$5+F4*'03_Критерии'!$E$6+G4*'03_Критерии'!$E$7+H4*'03_Критерии'!$E$8+I4*'03_Критерии'!$E$9+J4*'03_Критерии'!$E$10+K4*'03_Критерии'!$E$11+L4*'03_Критерии'!$E$12+M4*'03_Критерии'!$E$13)/SUM('03_Критерии'!$E$4:$E$13))
=IF(COUNTA(D5:M5)=0,"",(D5*'03_Критерии'!$E$4+E5*'03_Критерии'!$E$5+F5*'03_Критерии'!$E$6+G5*'03_Критерии'!$E$7+H5*'03_Критерии'!$E$8+I5*'03_Критерии'!$E$9+J5*'03_Критерии'!$E$10+K5*'03_Критерии'!$E$11+L5*'03_Критерии'!$E$12+M5*'03_Критерии'!$E$13)/SUM('03_Критерии'!$E$4:$E$13))
=IF(COUNTA(D6:M6)=0,"",(D6*'03_Критерии'!$E$4+E6*'03_Критерии'!$E$5+F6*'03_Критерии'!$E$6+G6*'03_Критерии'!$E$7+H6*'03_Критерии'!$E$8+I6*'03_Критерии'!$E$9+J6*'03_Критерии'!$E$10+K6*'03_Критерии'!$E$11+L6*'03_Критерии'!$E$12+M6*'03_Критерии'!$E$13)/SUM('03_Критерии'!$E$4:$E$13))
=IF(COUNTA(D7:M7)=0,"",(D7*'03_Критерии'!$E$4+E7*'03_Критерии'!$E$5+F7*'03_Критерии'!$E$6+G7*'03_Критерии'!$E$7+H7*'03_Критерии'!$E$8+I7*'03_Критерии'!$E$9+J7*'03_Критерии'!$E$10+K7*'03_Критерии'!$E$11+L7*'03_Критерии'!$E$12+M7*'03_Критерии'!$E$13)/SUM('03_Критерии'!$E$4:$E$13))
=IF(COUNTA(D8:M8)=0,"",(D8*'03_Критерии'!$E$4+E8*'03_Критерии'!$E$5+F8*'03_Критерии'!$E$6+G8*'03_Критерии'!$E$7+H8*'03_Критерии'!$E$8+I8*'03_Критерии'!$E$9+J8*'03_Критерии'!$E$10+K8*'03_Критерии'!$E$11+L8*'03_Критерии'!$E$12+M8*'03_Критерии'!$E$13)/SUM('03_Критерии'!$E$4:$E$13))
=IF(COUNTA(D9:M9)=0,"",(D9*'03_Критерии'!$E$4+E9*'03_Критерии'!$E$5+F9*'03_Критерии'!$E$6+G9*'03_Критерии'!$E$7+H9*'03_Критерии'!$E$8+I9*'03_Критерии'!$E$9+J9*'03_Критерии'!$E$10+K9*'03_Критерии'!$E$11+L9*'03_Критерии'!$E$12+M9*'03_Критерии'!$E$13)/SUM('03_Критерии'!$E$4:$E$13))
=IF(COUNTA(D10:M10)=0,"",(D10*'03_Критерии'!$E$4+E10*'03_Критерии'!$E$5+F10*'03_Критерии'!$E$6+G10*'03_Критерии'!$E$7+H10*'03_Критерии'!$E$8+I10*'03_Критерии'!$E$9+J10*'03_Критерии'!$E$10+K10*'03_Критерии'!$E$11+L10*'03_Критерии'!$E$12+M10*'03_Критерии'!$E$13)/SUM('03_Критерии'!$E$4:$E$13))
=IF(COUNTA(D11:M11)=0,"",(D11*'03_Критерии'!$E$4+E11*'03_Критерии'!$E$5+F11*'03_Критерии'!$E$6+G11*'03_Критерии'!$E$7+H11*'03_Критерии'!$E$8+I11*'03_Критерии'!$E$9+J11*'03_Критерии'!$E$10+K11*'03_Критерии'!$E$11+L11*'03_Критерии'!$E$12+M11*'03_Критерии'!$E$13)/SUM('03_Критерии'!$E$4:$E$13))
=IF(COUNTA(D12:M12)=0,"",(D12*'03_Критерии'!$E$4+E12*'03_Критерии'!$E$5+F12*'03_Критерии'!$E$6+G12*'03_Критерии'!$E$7+H12*'03_Критерии'!$E$8+I12*'03_Критерии'!$E$9+J12*'03_Критерии'!$E$10+K12*'03_Критерии'!$E$11+L12*'03_Критерии'!$E$12+M12*'03_Критерии'!$E$13)/SUM('03_Критерии'!$E$4:$E$13))
=IF(COUNTA(D13:M13)=0,"",(D13*'03_Критерии'!$E$4+E13*'03_Критерии'!$E$5+F13*'03_Критерии'!$E$6+G13*'03_Критерии'!$E$7+H13*'03_Критерии'!$E$8+I13*'03_Критерии'!$E$9+J13*'03_Критерии'!$E$10+K13*'03_Критерии'!$E$11+L13*'03_Критерии'!$E$12+M13*'03_Критерии'!$E$13)/SUM('03_Критерии'!$E$4:$E$13))
=IF(COUNTA(D14:M14)=0,"",(D14*'03_Критерии'!$E$4+E14*'03_Критерии'!$E$5+F14*'03_Критерии'!$E$6+G14*'03_Критерии'!$E$7+H14*'03_Критерии'!$E$8+I14*'03_Критерии'!$E$9+J14*'03_Критерии'!$E$10+K14*'03_Критерии'!$E$11+L14*'03_Критерии'!$E$12+M14*'03_Критерии'!$E$13)/SUM('03_Критерии'!$E$4:$E$13))
=IF(COUNTA(D15:M15)=0,"",(D15*'03_Критерии'!$E$4+E15*'03_Критерии'!$E$5+F15*'03_Критерии'!$E$6+G15*'03_Критерии'!$E$7+H15*'03_Критерии'!$E$8+I15*'03_Критерии'!$E$9+J15*'03_Критерии'!$E$10+K15*'03_Критерии'!$E$11+L15*'03_Критерии'!$E$12+M15*'03_Критерии'!$E$13)/SUM('03_Критерии'!$E$4:$E$13))
=IF(COUNTA(D16:M16)=0,"",(D16*'03_Критерии'!$E$4+E16*'03_Критерии'!$E$5+F16*'03_Критерии'!$E$6+G16*'03_Критерии'!$E$7+H16*'03_Критерии'!$E$8+I16*'03_Критерии'!$E$9+J16*'03_Критерии'!$E$10+K16*'03_Критерии'!$E$11+L16*'03_Критерии'!$E$12+M16*'03_Критерии'!$E$13)/SUM('03_Критерии'!$E$4:$E$13))
=IF(COUNTA(D17:M17)=0,"",(D17*'03_Критерии'!$E$4+E17*'03_Критерии'!$E$5+F17*'03_Критерии'!$E$6+G17*'03_Критерии'!$E$7+H17*'03_Критерии'!$E$8+I17*'03_Критерии'!$E$9+J17*'03_Критерии'!$E$10+K17*'03_Критерии'!$E$11+L17*'03_Критерии'!$E$12+M17*'03_Критерии'!$E$13)/SUM('03_Критерии'!$E$4:$E$13))
=IF(COUNTA(D18:M18)=0,"",(D18*'03_Критерии'!$E$4+E18*'03_Критерии'!$E$5+F18*'03_Критерии'!$E$6+G18*'03_Критерии'!$E$7+H18*'03_Критерии'!$E$8+I18*'03_Критерии'!$E$9+J18*'03_Критерии'!$E$10+K18*'03_Критерии'!$E$11+L18*'03_Критерии'!$E$12+M18*'03_Критерии'!$E$13)/SUM('03_Критерии'!$E$4:$E$13))
=IF(COUNTA(D19:M19)=0,"",(D19*'03_Критерии'!$E$4+E19*'03_Критерии'!$E$5+F19*'03_Критерии'!$E$6+G19*'03_Критерии'!$E$7+H19*'03_Критерии'!$E$8+I19*'03_Критерии'!$E$9+J19*'03_Критерии'!$E$10+K19*'03_Критерии'!$E$11+L19*'03_Критерии'!$E$12+M19*'03_Критерии'!$E$13)/SUM('03_Критерии'!$E$4:$E$13))
=IF(COUNTA(D20:M20)=0,"",(D20*'03_Критерии'!$E$4+E20*'03_Критерии'!$E$5+F20*'03_Критерии'!$E$6+G20*'03_Критерии'!$E$7+H20*'03_Критерии'!$E$8+I20*'03_Критерии'!$E$9+J20*'03_Критерии'!$E$10+K20*'03_Критерии'!$E$11+L20*'03_Критерии'!$E$12+M20*'03_Критерии'!$E$13)/SUM('03_Критерии'!$E$4:$E$13))
=IF(COUNTA(D21:M21)=0,"",(D21*'03_Критерии'!$E$4+E21*'03_Критерии'!$E$5+F21*'03_Критерии'!$E$6+G21*'03_Критерии'!$E$7+H21*'03_Критерии'!$E$8+I21*'03_Критерии'!$E$9+J21*'03_Критерии'!$E$10+K21*'03_Критерии'!$E$11+L21*'03_Критерии'!$E$12+M21*'03_Критерии'!$E$13)/SUM('03_Критерии'!$E$4:$E$13))
=IF(COUNTA(D22:M22)=0,"",(D22*'03_Критерии'!$E$4+E22*'03_Критерии'!$E$5+F22*'03_Критерии'!$E$6+G22*'03_Критерии'!$E$7+H22*'03_Критерии'!$E$8+I22*'03_Критерии'!$E$9+J22*'03_Критерии'!$E$10+K22*'03_Критерии'!$E$11+L22*'03_Критерии'!$E$12+M22*'03_Критерии'!$E$13)/SUM('03_Критерии'!$E$4:$E$13))
=IF(COUNTA(D23:M23)=0,"",(D23*'03_Критерии'!$E$4+E23*'03_Критерии'!$E$5+F23*'03_Критерии'!$E$6+G23*'03_Критерии'!$E$7+H23*'03_Критерии'!$E$8+I23*'03_Критерии'!$E$9+J23*'03_Критерии'!$E$10+K23*'03_Критерии'!$E$11+L23*'03_Критерии'!$E$12+M23*'03_Критерии'!$E$13)/SUM('03_Критерии'!$E$4:$E$13))
=IF(COUNTA(D24:M24)=0,"",(D24*'03_Критерии'!$E$4+E24*'03_Критерии'!$E$5+F24*'03_Критерии'!$E$6+G24*'03_Критерии'!$E$7+H24*'03_Критерии'!$E$8+I24*'03_Критерии'!$E$9+J24*'03_Критерии'!$E$10+K24*'03_Критерии'!$E$11+L24*'03_Критерии'!$E$12+M24*'03_Критерии'!$E$13)/SUM('03_Критерии'!$E$4:$E$13))
=IF(COUNTA(D25:M25)=0,"",(D25*'03_Критерии'!$E$4+E25*'03_Критерии'!$E$5+F25*'03_Критерии'!$E$6+G25*'03_Критерии'!$E$7+H25*'03_Критерии'!$E$8+I25*'03_Критерии'!$E$9+J25*'03_Критерии'!$E$10+K25*'03_Критерии'!$E$11+L25*'03_Критерии'!$E$12+M25*'03_Критерии'!$E$13)/SUM('03_Критерии'!$E$4:$E$13))
=IF(COUNTA(D26:M26)=0,"",(D26*'03_Критерии'!$E$4+E26*'03_Критерии'!$E$5+F26*'03_Критерии'!$E$6+G26*'03_Критерии'!$E$7+H26*'03_Критерии'!$E$8+I26*'03_Критерии'!$E$9+J26*'03_Критерии'!$E$10+K26*'03_Критерии'!$E$11+L26*'03_Критерии'!$E$12+M26*'03_Критерии'!$E$13)/SUM('03_Критерии'!$E$4:$E$13))
=IF(COUNTA(D27:M27)=0,"",(D27*'03_Критерии'!$E$4+E27*'03_Критерии'!$E$5+F27*'03_Критерии'!$E$6+G27*'03_Критерии'!$E$7+H27*'03_Критерии'!$E$8+I27*'03_Критерии'!$E$9+J27*'03_Критерии'!$E$10+K27*'03_Критерии'!$E$11+L27*'03_Критерии'!$E$12+M27*'03_Критерии'!$E$13)/SUM('03_Критерии'!$E$4:$E$13))
=IF(COUNTA(D28:M28)=0,"",(D28*'03_Критерии'!$E$4+E28*'03_Критерии'!$E$5+F28*'03_Критерии'!$E$6+G28*'03_Критерии'!$E$7+H28*'03_Критерии'!$E$8+I28*'03_Критерии'!$E$9+J28*'03_Критерии'!$E$10+K28*'03_Критерии'!$E$11+L28*'03_Критерии'!$E$12+M28*'03_Критерии'!$E$13)/SUM('03_Критерии'!$E$4:$E$13))
=IF(COUNTA(D29:M29)=0,"",(D29*'03_Критерии'!$E$4+E29*'03_Критерии'!$E$5+F29*'03_Критерии'!$E$6+G29*'03_Критерии'!$E$7+H29*'03_Критерии'!$E$8+I29*'03_Критерии'!$E$9+J29*'03_Критерии'!$E$10+K29*'03_Критерии'!$E$11+L29*'03_Критерии'!$E$12+M29*'03_Критерии'!$E$13)/SUM('03_Критерии'!$E$4:$E$13))
=IF(COUNTA(D30:M30)=0,"",(D30*'03_Критерии'!$E$4+E30*'03_Критерии'!$E$5+F30*'03_Критерии'!$E$6+G30*'03_Критерии'!$E$7+H30*'03_Критерии'!$E$8+I30*'03_Критерии'!$E$9+J30*'03_Критерии'!$E$10+K30*'03_Критерии'!$E$11+L30*'03_Критерии'!$E$12+M30*'03_Критерии'!$E$13)/SUM('03_Критерии'!$E$4:$E$13))
=IF(COUNTA(D31:M31)=0,"",(D31*'03_Критерии'!$E$4+E31*'03_Критерии'!$E$5+F31*'03_Критерии'!$E$6+G31*'03_Критерии'!$E$7+H31*'03_Критерии'!$E$8+I31*'03_Критерии'!$E$9+J31*'03_Критерии'!$E$10+K31*'03_Критерии'!$E$11+L31*'03_Критерии'!$E$12+M31*'03_Критерии'!$E$13)/SUM('03_Критерии'!$E$4:$E$13))
=IF(COUNTA(D32:M32)=0,"",(D32*'03_Критерии'!$E$4+E32*'03_Критерии'!$E$5+F32*'03_Критерии'!$E$6+G32*'03_Критерии'!$E$7+H32*'03_Критерии'!$E$8+I32*'03_Критерии'!$E$9+J32*'03_Критерии'!$E$10+K32*'03_Критерии'!$E$11+L32*'03_Критерии'!$E$12+M32*'03_Критерии'!$E$13)/SUM('03_Критерии'!$E$4:$E$13))
=IF(COUNTA(D33:M33)=0,"",(D33*'03_Критерии'!$E$4+E33*'03_Критерии'!$E$5+F33*'03_Критерии'!$E$6+G33*'03_Критерии'!$E$7+H33*'03_Критерии'!$E$8+I33*'03_Критерии'!$E$9+J33*'03_Критерии'!$E$10+K33*'03_Критерии'!$E$11+L33*'03_Критерии'!$E$12+M33*'03_Критерии'!$E$13)/SUM('03_Критерии'!$E$4:$E$13))
=IF(COUNTA(D34:M34)=0,"",(D34*'03_Критерии'!$E$4+E34*'03_Критерии'!$E$5+F34*'03_Критерии'!$E$6+G34*'03_Критерии'!$E$7+H34*'03_Критерии'!$E$8+I34*'03_Критерии'!$E$9+J34*'03_Критерии'!$E$10+K34*'03_Критерии'!$E$11+L34*'03_Критерии'!$E$12+M34*'03_Критерии'!$E$13)/SUM('03_Критерии'!$E$4:$E$13))
=IF(COUNTA(D35:M35)=0,"",(D35*'03_Критерии'!$E$4+E35*'03_Критерии'!$E$5+F35*'03_Критерии'!$E$6+G35*'03_Критерии'!$E$7+H35*'03_Критерии'!$E$8+I35*'03_Критерии'!$E$9+J35*'03_Критерии'!$E$10+K35*'03_Критерии'!$E$11+L35*'03_Критерии'!$E$12+M35*'03_Критерии'!$E$13)/SUM('03_Критерии'!$E$4:$E$13))
=IF(COUNTA(D36:M36)=0,"",(D36*'03_Критерии'!$E$4+E36*'03_Критерии'!$E$5+F36*'03_Критерии'!$E$6+G36*'03_Критерии'!$E$7+H36*'03_Критерии'!$E$8+I36*'03_Критерии'!$E$9+J36*'03_Критерии'!$E$10+K36*'03_Критерии'!$E$11+L36*'03_Критерии'!$E$12+M36*'03_Критерии'!$E$13)/SUM('03_Критерии'!$E$4:$E$13))
=IF(COUNTA(D37:M37)=0,"",(D37*'03_Критерии'!$E$4+E37*'03_Критерии'!$E$5+F37*'03_Критерии'!$E$6+G37*'03_Критерии'!$E$7+H37*'03_Критерии'!$E$8+I37*'03_Критерии'!$E$9+J37*'03_Критерии'!$E$10+K37*'03_Критерии'!$E$11+L37*'03_Критерии'!$E$12+M37*'03_Критерии'!$E$13)/SUM('03_Критерии'!$E$4:$E$13))
=IF(COUNTA(D38:M38)=0,"",(D38*'03_Критерии'!$E$4+E38*'03_Критерии'!$E$5+F38*'03_Критерии'!$E$6+G38*'03_Критерии'!$E$7+H38*'03_Критерии'!$E$8+I38*'03_Критерии'!$E$9+J38*'03_Критерии'!$E$10+K38*'03_Критерии'!$E$11+L38*'03_Критерии'!$E$12+M38*'03_Критерии'!$E$13)/SUM('03_Критерии'!$E$4:$E$13))
=IF(COUNTA(D39:M39)=0,"",(D39*'03_Критерии'!$E$4+E39*'03_Критерии'!$E$5+F39*'03_Критерии'!$E$6+G39*'03_Критерии'!$E$7+H39*'03_Критерии'!$E$8+I39*'03_Критерии'!$E$9+J39*'03_Критерии'!$E$10+K39*'03_Критерии'!$E$11+L39*'03_Критерии'!$E$12+M39*'03_Критерии'!$E$13)/SUM('03_Критерии'!$E$4:$E$13))
=IF(COUNTA(D40:M40)=0,"",(D40*'03_Критерии'!$E$4+E40*'03_Критерии'!$E$5+F40*'03_Критерии'!$E$6+G40*'03_Критерии'!$E$7+H40*'03_Критерии'!$E$8+I40*'03_Критерии'!$E$9+J40*'03_Критерии'!$E$10+K40*'03_Критерии'!$E$11+L40*'03_Критерии'!$E$12+M40*'03_Критерии'!$E$13)/SUM('03_Критерии'!$E$4:$E$13))
=IF(COUNTA(D41:M41)=0,"",(D41*'03_Критерии'!$E$4+E41*'03_Критерии'!$E$5+F41*'03_Критерии'!$E$6+G41*'03_Критерии'!$E$7+H41*'03_Критерии'!$E$8+I41*'03_Критерии'!$E$9+J41*'03_Критерии'!$E$10+K41*'03_Критерии'!$E$11+L41*'03_Критерии'!$E$12+M41*'03_Критерии'!$E$13)/SUM('03_Критерии'!$E$4:$E$13))
=IF(COUNTA(D42:M42)=0,"",(D42*'03_Критерии'!$E$4+E42*'03_Критерии'!$E$5+F42*'03_Критерии'!$E$6+G42*'03_Критерии'!$E$7+H42*'03_Критерии'!$E$8+I42*'03_Критерии'!$E$9+J42*'03_Критерии'!$E$10+K42*'03_Критерии'!$E$11+L42*'03_Критерии'!$E$12+M42*'03_Критерии'!$E$13)/SUM('03_Критерии'!$E$4:$E$13))
=IF(COUNTA(D43:M43)=0,"",(D43*'03_Критерии'!$E$4+E43*'03_Критерии'!$E$5+F43*'03_Критерии'!$E$6+G43*'03_Критерии'!$E$7+H43*'03_Критерии'!$E$8+I43*'03_Критерии'!$E$9+J43*'03_Критерии'!$E$10+K43*'03_Критерии'!$E$11+L43*'03_Критерии'!$E$12+M43*'03_Критерии'!$E$13)/SUM('03_Критерии'!$E$4:$E$13))
=IF(COUNTA(D44:M44)=0,"",(D44*'03_Критерии'!$E$4+E44*'03_Критерии'!$E$5+F44*'03_Критерии'!$E$6+G44*'03_Критерии'!$E$7+H44*'03_Критерии'!$E$8+I44*'03_Критерии'!$E$9+J44*'03_Критерии'!$E$10+K44*'03_Критерии'!$E$11+L44*'03_Критерии'!$E$12+M44*'03_Критерии'!$E$13)/SUM('03_Критерии'!$E$4:$E$13))
=IF(COUNTA(D45:M45)=0,"",(D45*'03_Критерии'!$E$4+E45*'03_Критерии'!$E$5+F45*'03_Критерии'!$E$6+G45*'03_Критерии'!$E$7+H45*'03_Критерии'!$E$8+I45*'03_Критерии'!$E$9+J45*'03_Критерии'!$E$10+K45*'03_Критерии'!$E$11+L45*'03_Критерии'!$E$12+M45*'03_Критерии'!$E$13)/SUM('03_Критерии'!$E$4:$E$13))
=IF(COUNTA(D46:M46)=0,"",(D46*'03_Критерии'!$E$4+E46*'03_Критерии'!$E$5+F46*'03_Критерии'!$E$6+G46*'03_Критерии'!$E$7+H46*'03_Критерии'!$E$8+I46*'03_Критерии'!$E$9+J46*'03_Критерии'!$E$10+K46*'03_Критерии'!$E$11+L46*'03_Критерии'!$E$12+M46*'03_Критерии'!$E$13)/SUM('03_Критерии'!$E$4:$E$13))
=IF(COUNTA(D47:M47)=0,"",(D47*'03_Критерии'!$E$4+E47*'03_Критерии'!$E$5+F47*'03_Критерии'!$E$6+G47*'03_Критерии'!$E$7+H47*'03_Критерии'!$E$8+I47*'03_Критерии'!$E$9+J47*'03_Критерии'!$E$10+K47*'03_Критерии'!$E$11+L47*'03_Критерии'!$E$12+M47*'03_Критерии'!$E$13)/SUM('03_Критерии'!$E$4:$E$13))
=IF(COUNTA(D48:M48)=0,"",(D48*'03_Критерии'!$E$4+E48*'03_Критерии'!$E$5+F48*'03_Критерии'!$E$6+G48*'03_Критерии'!$E$7+H48*'03_Критерии'!$E$8+I48*'03_Критерии'!$E$9+J48*'03_Критерии'!$E$10+K48*'03_Критерии'!$E$11+L48*'03_Критерии'!$E$12+M48*'03_Критерии'!$E$13)/SUM('03_Критерии'!$E$4:$E$13))
=IF(COUNTA(D49:M49)=0,"",(D49*'03_Критерии'!$E$4+E49*'03_Критерии'!$E$5+F49*'03_Критерии'!$E$6+G49*'03_Критерии'!$E$7+H49*'03_Критерии'!$E$8+I49*'03_Критерии'!$E$9+J49*'03_Критерии'!$E$10+K49*'03_Критерии'!$E$11+L49*'03_Критерии'!$E$12+M49*'03_Критерии'!$E$13)/SUM('03_Критерии'!$E$4:$E$13))
=IF(COUNTA(D50:M50)=0,"",(D50*'03_Критерии'!$E$4+E50*'03_Критерии'!$E$5+F50*'03_Критерии'!$E$6+G50*'03_Критерии'!$E$7+H50*'03_Критерии'!$E$8+I50*'03_Критерии'!$E$9+J50*'03_Критерии'!$E$10+K50*'03_Критерии'!$E$11+L50*'03_Критерии'!$E$12+M50*'03_Критерии'!$E$13)/SUM('03_Критерии'!$E$4:$E$13))
=IF(COUNTA(D51:M51)=0,"",(D51*'03_Критерии'!$E$4+E51*'03_Критерии'!$E$5+F51*'03_Критерии'!$E$6+G51*'03_Критерии'!$E$7+H51*'03_Критерии'!$E$8+I51*'03_Критерии'!$E$9+J51*'03_Критерии'!$E$10+K51*'03_Критерии'!$E$11+L51*'03_Критерии'!$E$12+M51*'03_Критерии'!$E$13)/SUM('03_Критерии'!$E$4:$E$13))
=IF(COUNTA(D52:M52)=0,"",(D52*'03_Критерии'!$E$4+E52*'03_Критерии'!$E$5+F52*'03_Критерии'!$E$6+G52*'03_Критерии'!$E$7+H52*'03_Критерии'!$E$8+I52*'03_Критерии'!$E$9+J52*'03_Критерии'!$E$10+K52*'03_Критерии'!$E$11+L52*'03_Критерии'!$E$12+M52*'03_Критерии'!$E$13)/SUM('03_Критерии'!$E$4:$E$13))
=IF(COUNTA(D53:M53)=0,"",(D53*'03_Критерии'!$E$4+E53*'03_Критерии'!$E$5+F53*'03_Критерии'!$E$6+G53*'03_Критерии'!$E$7+H53*'03_Критерии'!$E$8+I53*'03_Критерии'!$E$9+J53*'03_Критерии'!$E$10+K53*'03_Критерии'!$E$11+L53*'03_Критерии'!$E$12+M53*'03_Критерии'!$E$13)/SUM('03_Критерии'!$E$4:$E$13))
=IF(COUNTA(D54:M54)=0,"",(D54*'03_Критерии'!$E$4+E54*'03_Критерии'!$E$5+F54*'03_Критерии'!$E$6+G54*'03_Критерии'!$E$7+H54*'03_Критерии'!$E$8+I54*'03_Критерии'!$E$9+J54*'03_Критерии'!$E$10+K54*'03_Критерии'!$E$11+L54*'03_Критерии'!$E$12+M54*'03_Критерии'!$E$13)/SUM('03_Критерии'!$E$4:$E$13))
=IF(COUNTA(D55:M55)=0,"",(D55*'03_Критерии'!$E$4+E55*'03_Критерии'!$E$5+F55*'03_Критерии'!$E$6+G55*'03_Критерии'!$E$7+H55*'03_Критерии'!$E$8+I55*'03_Критерии'!$E$9+J55*'03_Критерии'!$E$10+K55*'03_Критерии'!$E$11+L55*'03_Критерии'!$E$12+M55*'03_Критерии'!$E$13)/SUM('03_Критерии'!$E$4:$E$13))
=IF(COUNTA(D56:M56)=0,"",(D56*'03_Критерии'!$E$4+E56*'03_Критерии'!$E$5+F56*'03_Критерии'!$E$6+G56*'03_Критерии'!$E$7+H56*'03_Критерии'!$E$8+I56*'03_Критерии'!$E$9+J56*'03_Критерии'!$E$10+K56*'03_Критерии'!$E$11+L56*'03_Критерии'!$E$12+M56*'03_Критерии'!$E$13)/SUM('03_Критерии'!$E$4:$E$13))
=IF(COUNTA(D57:M57)=0,"",(D57*'03_Критерии'!$E$4+E57*'03_Критерии'!$E$5+F57*'03_Критерии'!$E$6+G57*'03_Критерии'!$E$7+H57*'03_Критерии'!$E$8+I57*'03_Критерии'!$E$9+J57*'03_Критерии'!$E$10+K57*'03_Критерии'!$E$11+L57*'03_Критерии'!$E$12+M57*'03_Критерии'!$E$13)/SUM('03_Критерии'!$E$4:$E$13))
=IF(COUNTA(D58:M58)=0,"",(D58*'03_Критерии'!$E$4+E58*'03_Критерии'!$E$5+F58*'03_Критерии'!$E$6+G58*'03_Критерии'!$E$7+H58*'03_Критерии'!$E$8+I58*'03_Критерии'!$E$9+J58*'03_Критерии'!$E$10+K58*'03_Критерии'!$E$11+L58*'03_Критерии'!$E$12+M58*'03_Критерии'!$E$13)/SUM('03_Критерии'!$E$4:$E$13))
=IF(COUNTA(D59:M59)=0,"",(D59*'03_Критерии'!$E$4+E59*'03_Критерии'!$E$5+F59*'03_Критерии'!$E$6+G59*'03_Критерии'!$E$7+H59*'03_Критерии'!$E$8+I59*'03_Критерии'!$E$9+J59*'03_Критерии'!$E$10+K59*'03_Критерии'!$E$11+L59*'03_Критерии'!$E$12+M59*'03_Критерии'!$E$13)/SUM('03_Критерии'!$E$4:$E$13))
=IF(COUNTA(D60:M60)=0,"",(D60*'03_Критерии'!$E$4+E60*'03_Критерии'!$E$5+F60*'03_Критерии'!$E$6+G60*'03_Критерии'!$E$7+H60*'03_Критерии'!$E$8+I60*'03_Критерии'!$E$9+J60*'03_Критерии'!$E$10+K60*'03_Критерии'!$E$11+L60*'03_Критерии'!$E$12+M60*'03_Критерии'!$E$13)/SUM('03_Критерии'!$E$4:$E$13))
=IF(COUNTA(D61:M61)=0,"",(D61*'03_Критерии'!$E$4+E61*'03_Критерии'!$E$5+F61*'03_Критерии'!$E$6+G61*'03_Критерии'!$E$7+H61*'03_Критерии'!$E$8+I61*'03_Критерии'!$E$9+J61*'03_Критерии'!$E$10+K61*'03_Критерии'!$E$11+L61*'03_Критерии'!$E$12+M61*'03_Критерии'!$E$13)/SUM('03_Критерии'!$E$4:$E$13))
=IF(COUNTA(D62:M62)=0,"",(D62*'03_Критерии'!$E$4+E62*'03_Критерии'!$E$5+F62*'03_Критерии'!$E$6+G62*'03_Критерии'!$E$7+H62*'03_Критерии'!$E$8+I62*'03_Критерии'!$E$9+J62*'03_Критерии'!$E$10+K62*'03_Критерии'!$E$11+L62*'03_Критерии'!$E$12+M62*'03_Критерии'!$E$13)/SUM('03_Критерии'!$E$4:$E$13))
=IF(COUNTA(D63:M63)=0,"",(D63*'03_Критерии'!$E$4+E63*'03_Критерии'!$E$5+F63*'03_Критерии'!$E$6+G63*'03_Критерии'!$E$7+H63*'03_Критерии'!$E$8+I63*'03_Критерии'!$E$9+J63*'03_Критерии'!$E$10+K63*'03_Критерии'!$E$11+L63*'03_Критерии'!$E$12+M63*'03_Критерии'!$E$13)/SUM('03_Критерии'!$E$4:$E$13))
=IF(COUNTA(D64:M64)=0,"",(D64*'03_Критерии'!$E$4+E64*'03_Критерии'!$E$5+F64*'03_Критерии'!$E$6+G64*'03_Критерии'!$E$7+H64*'03_Критерии'!$E$8+I64*'03_Критерии'!$E$9+J64*'03_Критерии'!$E$10+K64*'03_Критерии'!$E$11+L64*'03_Критерии'!$E$12+M64*'03_Критерии'!$E$13)/SUM('03_Критерии'!$E$4:$E$13))
=IF(COUNTA(D65:M65)=0,"",(D65*'03_Критерии'!$E$4+E65*'03_Критерии'!$E$5+F65*'03_Критерии'!$E$6+G65*'03_Критерии'!$E$7+H65*'03_Критерии'!$E$8+I65*'03_Критерии'!$E$9+J65*'03_Критерии'!$E$10+K65*'03_Критерии'!$E$11+L65*'03_Критерии'!$E$12+M65*'03_Критерии'!$E$13)/SUM('03_Критерии'!$E$4:$E$13))
=IF(COUNTA(D66:M66)=0,"",(D66*'03_Критерии'!$E$4+E66*'03_Критерии'!$E$5+F66*'03_Критерии'!$E$6+G66*'03_Критерии'!$E$7+H66*'03_Критерии'!$E$8+I66*'03_Критерии'!$E$9+J66*'03_Критерии'!$E$10+K66*'03_Критерии'!$E$11+L66*'03_Критерии'!$E$12+M66*'03_Критерии'!$E$13)/SUM('03_Критерии'!$E$4:$E$13))
=IF(COUNTA(D67:M67)=0,"",(D67*'03_Критерии'!$E$4+E67*'03_Критерии'!$E$5+F67*'03_Критерии'!$E$6+G67*'03_Критерии'!$E$7+H67*'03_Критерии'!$E$8+I67*'03_Критерии'!$E$9+J67*'03_Критерии'!$E$10+K67*'03_Критерии'!$E$11+L67*'03_Критерии'!$E$12+M67*'03_Критерии'!$E$13)/SUM('03_Критерии'!$E$4:$E$13))
=IF(COUNTA(D68:M68)=0,"",(D68*'03_Критерии'!$E$4+E68*'03_Критерии'!$E$5+F68*'03_Критерии'!$E$6+G68*'03_Критерии'!$E$7+H68*'03_Критерии'!$E$8+I68*'03_Критерии'!$E$9+J68*'03_Критерии'!$E$10+K68*'03_Критерии'!$E$11+L68*'03_Критерии'!$E$12+M68*'03_Критерии'!$E$13)/SUM('03_Критерии'!$E$4:$E$13))
=IF(COUNTA(D69:M69)=0,"",(D69*'03_Критерии'!$E$4+E69*'03_Критерии'!$E$5+F69*'03_Критерии'!$E$6+G69*'03_Критерии'!$E$7+H69*'03_Критерии'!$E$8+I69*'03_Критерии'!$E$9+J69*'03_Критерии'!$E$10+K69*'03_Критерии'!$E$11+L69*'03_Критерии'!$E$12+M69*'03_Критерии'!$E$13)/SUM('03_Критерии'!$E$4:$E$13))
=IF(COUNTA(D70:M70)=0,"",(D70*'03_Критерии'!$E$4+E70*'03_Критерии'!$E$5+F70*'03_Критерии'!$E$6+G70*'03_Критерии'!$E$7+H70*'03_Критерии'!$E$8+I70*'03_Критерии'!$E$9+J70*'03_Критерии'!$E$10+K70*'03_Критерии'!$E$11+L70*'03_Критерии'!$E$12+M70*'03_Критерии'!$E$13)/SUM('03_Критерии'!$E$4:$E$13))
=IF(COUNTA(D71:M71)=0,"",(D71*'03_Критерии'!$E$4+E71*'03_Критерии'!$E$5+F71*'03_Критерии'!$E$6+G71*'03_Критерии'!$E$7+H71*'03_Критерии'!$E$8+I71*'03_Критерии'!$E$9+J71*'03_Критерии'!$E$10+K71*'03_Критерии'!$E$11+L71*'03_Критерии'!$E$12+M71*'03_Критерии'!$E$13)/SUM('03_Критерии'!$E$4:$E$13))
=IF(COUNTA(D72:M72)=0,"",(D72*'03_Критерии'!$E$4+E72*'03_Критерии'!$E$5+F72*'03_Критерии'!$E$6+G72*'03_Критерии'!$E$7+H72*'03_Критерии'!$E$8+I72*'03_Критерии'!$E$9+J72*'03_Критерии'!$E$10+K72*'03_Критерии'!$E$11+L72*'03_Критерии'!$E$12+M72*'03_Критерии'!$E$13)/SUM('03_Критерии'!$E$4:$E$13))
=IF(COUNTA(D73:M73)=0,"",(D73*'03_Критерии'!$E$4+E73*'03_Критерии'!$E$5+F73*'03_Критерии'!$E$6+G73*'03_Критерии'!$E$7+H73*'03_Критерии'!$E$8+I73*'03_Критерии'!$E$9+J73*'03_Критерии'!$E$10+K73*'03_Критерии'!$E$11+L73*'03_Критерии'!$E$12+M73*'03_Критерии'!$E$13)/SUM('03_Критерии'!$E$4:$E$13))
=IF(COUNTA(D74:M74)=0,"",(D74*'03_Критерии'!$E$4+E74*'03_Критерии'!$E$5+F74*'03_Критерии'!$E$6+G74*'03_Критерии'!$E$7+H74*'03_Критерии'!$E$8+I74*'03_Критерии'!$E$9+J74*'03_Критерии'!$E$10+K74*'03_Критерии'!$E$11+L74*'03_Критерии'!$E$12+M74*'03_Критерии'!$E$13)/SUM('03_Критерии'!$E$4:$E$13))
=IF(COUNTA(D75:M75)=0,"",(D75*'03_Критерии'!$E$4+E75*'03_Критерии'!$E$5+F75*'03_Критерии'!$E$6+G75*'03_Критерии'!$E$7+H75*'03_Критерии'!$E$8+I75*'03_Критерии'!$E$9+J75*'03_Критерии'!$E$10+K75*'03_Критерии'!$E$11+L75*'03_Критерии'!$E$12+M75*'03_Критерии'!$E$13)/SUM('03_Критерии'!$E$4:$E$13))
=IF(COUNTA(D76:M76)=0,"",(D76*'03_Критерии'!$E$4+E76*'03_Критерии'!$E$5+F76*'03_Критерии'!$E$6+G76*'03_Критерии'!$E$7+H76*'03_Критерии'!$E$8+I76*'03_Критерии'!$E$9+J76*'03_Критерии'!$E$10+K76*'03_Критерии'!$E$11+L76*'03_Критерии'!$E$12+M76*'03_Критерии'!$E$13)/SUM('03_Критерии'!$E$4:$E$13))
=IF(COUNTA(D77:M77)=0,"",(D77*'03_Критерии'!$E$4+E77*'03_Критерии'!$E$5+F77*'03_Критерии'!$E$6+G77*'03_Критерии'!$E$7+H77*'03_Критерии'!$E$8+I77*'03_Критерии'!$E$9+J77*'03_Критерии'!$E$10+K77*'03_Критерии'!$E$11+L77*'03_Критерии'!$E$12+M77*'03_Критерии'!$E$13)/SUM('03_Критерии'!$E$4:$E$13))
=IF(COUNTA(D78:M78)=0,"",(D78*'03_Критерии'!$E$4+E78*'03_Критерии'!$E$5+F78*'03_Критерии'!$E$6+G78*'03_Критерии'!$E$7+H78*'03_Критерии'!$E$8+I78*'03_Критерии'!$E$9+J78*'03_Критерии'!$E$10+K78*'03_Критерии'!$E$11+L78*'03_Критерии'!$E$12+M78*'03_Критерии'!$E$13)/SUM('03_Критерии'!$E$4:$E$13))
=IF(COUNTA(D79:M79)=0,"",(D79*'03_Критерии'!$E$4+E79*'03_Критерии'!$E$5+F79*'03_Критерии'!$E$6+G79*'03_Критерии'!$E$7+H79*'03_Критерии'!$E$8+I79*'03_Критерии'!$E$9+J79*'03_Критерии'!$E$10+K79*'03_Критерии'!$E$11+L79*'03_Критерии'!$E$12+M79*'03_Критерии'!$E$13)/SUM('03_Критерии'!$E$4:$E$13))
=IF(COUNTA(D80:M80)=0,"",(D80*'03_Критерии'!$E$4+E80*'03_Критерии'!$E$5+F80*'03_Критерии'!$E$6+G80*'03_Критерии'!$E$7+H80*'03_Критерии'!$E$8+I80*'03_Критерии'!$E$9+J80*'03_Критерии'!$E$10+K80*'03_Критерии'!$E$11+L80*'03_Критерии'!$E$12+M80*'03_Критерии'!$E$13)/SUM('03_Критерии'!$E$4:$E$13))
=IF(COUNTA(D81:M81)=0,"",(D81*'03_Критерии'!$E$4+E81*'03_Критерии'!$E$5+F81*'03_Критерии'!$E$6+G81*'03_Критерии'!$E$7+H81*'03_Критерии'!$E$8+I81*'03_Критерии'!$E$9+J81*'03_Критерии'!$E$10+K81*'03_Критерии'!$E$11+L81*'03_Критерии'!$E$12+M81*'03_Критерии'!$E$13)/SUM('03_Критерии'!$E$4:$E$13))
=IF(COUNTA(D82:M82)=0,"",(D82*'03_Критерии'!$E$4+E82*'03_Критерии'!$E$5+F82*'03_Критерии'!$E$6+G82*'03_Критерии'!$E$7+H82*'03_Критерии'!$E$8+I82*'03_Критерии'!$E$9+J82*'03_Критерии'!$E$10+K82*'03_Критерии'!$E$11+L82*'03_Критерии'!$E$12+M82*'03_Критерии'!$E$13)/SUM('03_Критерии'!$E$4:$E$13))
=IF(COUNTA(D83:M83)=0,"",(D83*'03_Критерии'!$E$4+E83*'03_Критерии'!$E$5+F83*'03_Критерии'!$E$6+G83*'03_Критерии'!$E$7+H83*'03_Критерии'!$E$8+I83*'03_Критерии'!$E$9+J83*'03_Критерии'!$E$10+K83*'03_Критерии'!$E$11+L83*'03_Критерии'!$E$12+M83*'03_Критерии'!$E$13)/SUM('03_Критерии'!$E$4:$E$13))
=IF(COUNTA(D84:M84)=0,"",(D84*'03_Критерии'!$E$4+E84*'03_Критерии'!$E$5+F84*'03_Критерии'!$E$6+G84*'03_Критерии'!$E$7+H84*'03_Критерии'!$E$8+I84*'03_Критерии'!$E$9+J84*'03_Критерии'!$E$10+K84*'03_Критерии'!$E$11+L84*'03_Критерии'!$E$12+M84*'03_Критерии'!$E$13)/SUM('03_Критерии'!$E$4:$E$13))
=IF(COUNTA(D85:M85)=0,"",(D85*'03_Критерии'!$E$4+E85*'03_Критерии'!$E$5+F85*'03_Критерии'!$E$6+G85*'03_Критерии'!$E$7+H85*'03_Критерии'!$E$8+I85*'03_Критерии'!$E$9+J85*'03_Критерии'!$E$10+K85*'03_Критерии'!$E$11+L85*'03_Критерии'!$E$12+M85*'03_Критерии'!$E$13)/SUM('03_Критерии'!$E$4:$E$13))
=IF(COUNTA(D86:M86)=0,"",(D86*'03_Критерии'!$E$4+E86*'03_Критерии'!$E$5+F86*'03_Критерии'!$E$6+G86*'03_Критерии'!$E$7+H86*'03_Критерии'!$E$8+I86*'03_Критерии'!$E$9+J86*'03_Критерии'!$E$10+K86*'03_Критерии'!$E$11+L86*'03_Критерии'!$E$12+M86*'03_Критерии'!$E$13)/SUM('03_Критерии'!$E$4:$E$13))
=IF(COUNTA(D87:M87)=0,"",(D87*'03_Критерии'!$E$4+E87*'03_Критерии'!$E$5+F87*'03_Критерии'!$E$6+G87*'03_Критерии'!$E$7+H87*'03_Критерии'!$E$8+I87*'03_Критерии'!$E$9+J87*'03_Критерии'!$E$10+K87*'03_Критерии'!$E$11+L87*'03_Критерии'!$E$12+M87*'03_Критерии'!$E$13)/SUM('03_Критерии'!$E$4:$E$13))
=IF(COUNTA(D88:M88)=0,"",(D88*'03_Критерии'!$E$4+E88*'03_Критерии'!$E$5+F88*'03_Критерии'!$E$6+G88*'03_Критерии'!$E$7+H88*'03_Критерии'!$E$8+I88*'03_Критерии'!$E$9+J88*'03_Критерии'!$E$10+K88*'03_Критерии'!$E$11+L88*'03_Критерии'!$E$12+M88*'03_Критерии'!$E$13)/SUM('03_Критерии'!$E$4:$E$13))
=IF(COUNTA(D89:M89)=0,"",(D89*'03_Критерии'!$E$4+E89*'03_Критерии'!$E$5+F89*'03_Критерии'!$E$6+G89*'03_Критерии'!$E$7+H89*'03_Критерии'!$E$8+I89*'03_Критерии'!$E$9+J89*'03_Критерии'!$E$10+K89*'03_Критерии'!$E$11+L89*'03_Критерии'!$E$12+M89*'03_Критерии'!$E$13)/SUM('03_Критерии'!$E$4:$E$13))
=IF(COUNTA(D90:M90)=0,"",(D90*'03_Критерии'!$E$4+E90*'03_Критерии'!$E$5+F90*'03_Критерии'!$E$6+G90*'03_Критерии'!$E$7+H90*'03_Критерии'!$E$8+I90*'03_Критерии'!$E$9+J90*'03_Критерии'!$E$10+K90*'03_Критерии'!$E$11+L90*'03_Критерии'!$E$12+M90*'03_Критерии'!$E$13)/SUM('03_Критерии'!$E$4:$E$13))
=IF(COUNTA(D91:M91)=0,"",(D91*'03_Критерии'!$E$4+E91*'03_Критерии'!$E$5+F91*'03_Критерии'!$E$6+G91*'03_Критерии'!$E$7+H91*'03_Критерии'!$E$8+I91*'03_Критерии'!$E$9+J91*'03_Критерии'!$E$10+K91*'03_Критерии'!$E$11+L91*'03_Критерии'!$E$12+M91*'03_Критерии'!$E$13)/SUM('03_Критерии'!$E$4:$E$13))
=IF(COUNTA(D92:M92)=0,"",(D92*'03_Критерии'!$E$4+E92*'03_Критерии'!$E$5+F92*'03_Критерии'!$E$6+G92*'03_Критерии'!$E$7+H92*'03_Критерии'!$E$8+I92*'03_Критерии'!$E$9+J92*'03_Критерии'!$E$10+K92*'03_Критерии'!$E$11+L92*'03_Критерии'!$E$12+M92*'03_Критерии'!$E$13)/SUM('03_Критерии'!$E$4:$E$13))
=IF(COUNTA(D93:M93)=0,"",(D93*'03_Критерии'!$E$4+E93*'03_Критерии'!$E$5+F93*'03_Критерии'!$E$6+G93*'03_Критерии'!$E$7+H93*'03_Критерии'!$E$8+I93*'03_Критерии'!$E$9+J93*'03_Критерии'!$E$10+K93*'03_Критерии'!$E$11+L93*'03_Критерии'!$E$12+M93*'03_Критерии'!$E$13)/SUM('03_Критерии'!$E$4:$E$13))
=IF(COUNTA(D94:M94)=0,"",(D94*'03_Критерии'!$E$4+E94*'03_Критерии'!$E$5+F94*'03_Критерии'!$E$6+G94*'03_Критерии'!$E$7+H94*'03_Критерии'!$E$8+I94*'03_Критерии'!$E$9+J94*'03_Критерии'!$E$10+K94*'03_Критерии'!$E$11+L94*'03_Критерии'!$E$12+M94*'03_Критерии'!$E$13)/SUM('03_Критерии'!$E$4:$E$13))
=IF(COUNTA(D95:M95)=0,"",(D95*'03_Критерии'!$E$4+E95*'03_Критерии'!$E$5+F95*'03_Критерии'!$E$6+G95*'03_Критерии'!$E$7+H95*'03_Критерии'!$E$8+I95*'03_Критерии'!$E$9+J95*'03_Критерии'!$E$10+K95*'03_Критерии'!$E$11+L95*'03_Критерии'!$E$12+M95*'03_Критерии'!$E$13)/SUM('03_Критерии'!$E$4:$E$13))
=IF(COUNTA(D96:M96)=0,"",(D96*'03_Критерии'!$E$4+E96*'03_Критерии'!$E$5+F96*'03_Критерии'!$E$6+G96*'03_Критерии'!$E$7+H96*'03_Критерии'!$E$8+I96*'03_Критерии'!$E$9+J96*'03_Критерии'!$E$10+K96*'03_Критерии'!$E$11+L96*'03_Критерии'!$E$12+M96*'03_Критерии'!$E$13)/SUM('03_Критерии'!$E$4:$E$13))
=IF(COUNTA(D97:M97)=0,"",(D97*'03_Критерии'!$E$4+E97*'03_Критерии'!$E$5+F97*'03_Критерии'!$E$6+G97*'03_Критерии'!$E$7+H97*'03_Критерии'!$E$8+I97*'03_Критерии'!$E$9+J97*'03_Критерии'!$E$10+K97*'03_Критерии'!$E$11+L97*'03_Критерии'!$E$12+M97*'03_Критерии'!$E$13)/SUM('03_Критерии'!$E$4:$E$13))
=IF(COUNTA(D98:M98)=0,"",(D98*'03_Критерии'!$E$4+E98*'03_Критерии'!$E$5+F98*'03_Критерии'!$E$6+G98*'03_Критерии'!$E$7+H98*'03_Критерии'!$E$8+I98*'03_Критерии'!$E$9+J98*'03_Критерии'!$E$10+K98*'03_Критерии'!$E$11+L98*'03_Критерии'!$E$12+M98*'03_Критерии'!$E$13)/SUM('03_Критерии'!$E$4:$E$13))
=IF(COUNTA(D99:M99)=0,"",(D99*'03_Критерии'!$E$4+E99*'03_Критерии'!$E$5+F99*'03_Критерии'!$E$6+G99*'03_Критерии'!$E$7+H99*'03_Критерии'!$E$8+I99*'03_Критерии'!$E$9+J99*'03_Критерии'!$E$10+K99*'03_Критерии'!$E$11+L99*'03_Критерии'!$E$12+M99*'03_Критерии'!$E$13)/SUM('03_Критерии'!$E$4:$E$13))
=IF(COUNTA(D100:M100)=0,"",(D100*'03_Критерии'!$E$4+E100*'03_Критерии'!$E$5+F100*'03_Критерии'!$E$6+G100*'03_Критерии'!$E$7+H100*'03_Критерии'!$E$8+I100*'03_Критерии'!$E$9+J100*'03_Критерии'!$E$10+K100*'03_Критерии'!$E$11+L100*'03_Критерии'!$E$12+M100*'03_Критерии'!$E$13)/SUM('03_Критерии'!$E$4:$E$13))
=IF(COUNTA(D101:M101)=0,"",(D101*'03_Критерии'!$E$4+E101*'03_Критерии'!$E$5+F101*'03_Критерии'!$E$6+G101*'03_Критерии'!$E$7+H101*'03_Критерии'!$E$8+I101*'03_Критерии'!$E$9+J101*'03_Критерии'!$E$10+K101*'03_Критерии'!$E$11+L101*'03_Критерии'!$E$12+M101*'03_Критерии'!$E$13)/SUM('03_Критерии'!$E$4:$E$13))
=IF(COUNTA(D102:M102)=0,"",(D102*'03_Критерии'!$E$4+E102*'03_Критерии'!$E$5+F102*'03_Критерии'!$E$6+G102*'03_Критерии'!$E$7+H102*'03_Критерии'!$E$8+I102*'03_Критерии'!$E$9+J102*'03_Критерии'!$E$10+K102*'03_Критерии'!$E$11+L102*'03_Критерии'!$E$12+M102*'03_Критерии'!$E$13)/SUM('03_Критерии'!$E$4:$E$13))
=IF(COUNTA(D103:M103)=0,"",(D103*'03_Критерии'!$E$4+E103*'03_Критерии'!$E$5+F103*'03_Критерии'!$E$6+G103*'03_Критерии'!$E$7+H103*'03_Критерии'!$E$8+I103*'03_Критерии'!$E$9+J103*'03_Критерии'!$E$10+K103*'03_Критерии'!$E$11+L103*'03_Критерии'!$E$12+M103*'03_Критерии'!$E$13)/SUM('03_Критерии'!$E$4:$E$13))
