№;Сегмент;Платил бы за Pro;Текстовый ввод диаграмм;Нотации IDEF0/IDEF1X/IDEF3;DFD и сети Петри;Экспорт PNG/SVG без оплаты;Совместное редактирование;Импорт из PlantUML/Mermaid
1;аналитик ПО;3-5 USD в мес.;M;I;O;M;O;O
2;аналитик ПО;3-5 USD в мес.;O;A;I;M;A;A
3;студент;нет;O;A;I;O;O;O
4;студент;до 3 USD в мес.;M;M;I;O;I;A
5;студент;более 5 USD в мес.;M;O;I;I;M;A
6;студент;до 3 USD в мес.;O;O;O;O;O;I
7;студент;до 3 USD в мес.;O;O;O;M;A;A
8;студент;нет;O;O;O;M;I;O
9;студент;3-5 USD в мес.;O;M;I;O;O;I
10;студент;нет;I;A;A;M;I;I
11;преподаватель;нет;O;A;O;A;M;O
12;студент;до 3 USD в мес.;O;O;A;M;A;I
13;студент;нет;M;O;I;M;I;A
14;студент;нет;M;A;I;O;A;A
15;студент;до 3 USD в мес.;O;A;I;M;M;M
16;студент;более 5 USD в мес.;I;M;A;O;M;I
17;студент;нет;I;M;I;M;I;A
18;студент;более 5 USD в мес.;O;I;I;M;A;O
19;аналитик ПО;более 5 USD в мес.;A;A;I;I;A;A
20;аналитик ПО;3-5 USD в мес.;M;O;I;M;A;I
21;студент;до 3 USD в мес.;O;A;I;A;A;I
22;студент;до 3 USD в мес.;A;O;A;I;M;I
23;преподаватель;до 3 USD в мес.;A;O;O;I;I;O
24;студент;нет;O;A;I;A;O;I
25;студент;до 3 USD в мес.;A;M;I;M;A;A
26;студент;до 3 USD в мес.;M;O;I;M;A;O
27;студент;нет;A;O;O;M;A;A
28;преподаватель;3-5 USD в мес.;O;O;A;M;O;O
29;аналитик ПО;3-5 USD в мес.;A;A;I;A;I;I
30;преподаватель;до 3 USD в мес.;M;A;I;O;O;M
