Период;Число запросов;Доля от всех запросов, %
октябрь 2024;56;0,0000186
ноябрь 2024;63;0,0000208
декабрь 2024;47;0,0000155
январь 2025;63;0,0000195
февраль 2025;50;0,0000169
март 2025;118;0,0000373
апрель 2025;48;0,0000163
май 2025;43;0,0000146
июнь 2025;53;0,0000186
июль 2025;23;0,0000079
август 2025;24;0,0000086
сентябрь 2025;30;0,0000116
октябрь 2025;38;0,0000137
ноябрь 2025;15;0,0000055
декабрь 2025;47;0,0000181
январь 2026;26;0,0000109
февраль 2026;35;0,0000168
март 2026;34;0,0000139
апрель 2026;23;0,0000089
май 2026;32;0,0000128
июнь 2026;55;0,0000228
июль 2026;12;0,0000047
август 2026;14;0,0000058
сентябрь 2026;23;0,0000098
